product,event,price,quantity_sold
Standard Case | iPhone 15 Pro Max,Cyber Monday,31.854305348131312,217
Standard Case | iPhone 15 Pro,Black Friday,57.78214378844623,181
Premium Case | iPhone 15 Pro Max,Black Friday,47.93972738151323,148
Premium Case | iPhone 15 Pro,Black Friday,41.93963178886665,166
Standard Case | iPhone 15 Pro Max,Black Friday,22.020838819909642,322
Standard Case | iPhone 15 Pro,Cyber Monday,22.01975341512912,200
Premium Case | iPhone 15 Pro Max,Black Friday,17.613762547568975,225
Premium Case | iPhone 15 Pro,Black Friday,53.97792655987208,129
Premium Case | iPhone 15 Pro Max,Black Friday,42.0501755284444,163
Standard Case | iPhone 15 Pro,No Promo,46.86326600082205,112
Premium Case | iPhone 15 Pro,Black Friday,15.92630224331111,133
Premium Case | iPhone 15 Pro Max,Black Friday,58.645943347289744,138
Standard Case | iPhone 15 Pro Max,Black Friday,52.45991883601898,264
Premium Case | iPhone 15 Pro,Cyber Monday,24.55525998052243,137
Premium Case | iPhone 15 Pro Max,Black Friday,23.18212352431953,189
Standard Case | iPhone 15 Pro,Black Friday,23.253202943404524,276
Standard Case | iPhone 15 Pro,Black Friday,28.690900933179197,210
Premium Case | iPhone 15 Pro,Black Friday,38.614039423450706,155
Premium Case | iPhone 15 Pro Max,Black Friday,34.43752583889521,191
Premium Case | iPhone 15 Pro,Black Friday,28.105311308911887,153
Premium Case | iPhone 15 Pro,No Promo,42.53338026250708,54
Premium Case | iPhone 15 Pro Max,Black Friday,21.277223729341884,159
Premium Case | iPhone 15 Pro Max,Black Friday,28.146509184084817,193
Standard Case | iPhone 15 Pro Max,No Promo,31.486282948216125,176
Premium Case | iPhone 15 Pro Max,Black Friday,35.52314928976662,143
Standard Case | iPhone 15 Pro,Black Friday,50.33291826268561,248
Premium Case | iPhone 15 Pro,Black Friday,23.98532019712619,167
Premium Case | iPhone 15 Pro,Black Friday,38.14054972861253,151
Standard Case | iPhone 15 Pro,No Promo,41.65865559879191,135
Premium Case | iPhone 15 Pro Max,Black Friday,17.090268572399896,218
Standard Case | iPhone 15 Pro,Cyber Monday,42.339518335564726,173
Standard Case | iPhone 15 Pro,Black Friday,22.673585565928118,263
Standard Case | iPhone 15 Pro Max,Black Friday,17.927321684337578,308
Standard Case | iPhone 15 Pro,Black Friday,57.699849176399994,217
Premium Case | iPhone 15 Pro,Black Friday,58.45344148835517,124
Standard Case | iPhone 15 Pro,Black Friday,51.37788066524075,207
Premium Case | iPhone 15 Pro,Cyber Monday,28.70761961280168,125
Premium Case | iPhone 15 Pro,Black Friday,19.395245130287275,187
Premium Case | iPhone 15 Pro,No Promo,45.79048619304706,42
Premium Case | iPhone 15 Pro Max,Black Friday,34.80686221828206,119
Standard Case | iPhone 15 Pro Max,Cyber Monday,20.491720568015047,264
Premium Case | iPhone 15 Pro,Cyber Monday,37.282960955007155,139
Premium Case | iPhone 15 Pro,Cyber Monday,16.547483450184828,106
Premium Case | iPhone 15 Pro Max,Cyber Monday,55.91941809354519,81
Premium Case | iPhone 15 Pro,Cyber Monday,26.645099172000762,149
Standard Case | iPhone 15 Pro,Black Friday,44.81350279592919,285
Standard Case | iPhone 15 Pro,Black Friday,29.026998424023493,256
Standard Case | iPhone 15 Pro Max,Black Friday,38.403060953001486,250
Premium Case | iPhone 15 Pro,No Promo,39.60196257044758,57
Premium Case | iPhone 15 Pro Max,Black Friday,23.318450498648716,217
Standard Case | iPhone 15 Pro,Cyber Monday,58.63130824940514,146
Premium Case | iPhone 15 Pro Max,Black Friday,49.880977051250156,134
Premium Case | iPhone 15 Pro Max,Black Friday,57.27745237038851,122
Standard Case | iPhone 15 Pro,Black Friday,55.2672307692442,184
Premium Case | iPhone 15 Pro Max,Black Friday,41.90549904649883,166
Standard Case | iPhone 15 Pro,Black Friday,56.48434057604026,243
Premium Case | iPhone 15 Pro Max,Black Friday,18.982162592336376,198
Standard Case | iPhone 15 Pro,Black Friday,23.81922880886153,252
Premium Case | iPhone 15 Pro,Black Friday,17.035228000974215,181
Standard Case | iPhone 15 Pro Max,Black Friday,29.639864884346895,233
Standard Case | iPhone 15 Pro,Black Friday,32.49047803602669,276
Standard Case | iPhone 15 Pro,Cyber Monday,27.210706429825315,214
Standard Case | iPhone 15 Pro Max,Black Friday,52.29318791183682,239
Standard Case | iPhone 15 Pro,Black Friday,31.053899701211517,345
Standard Case | iPhone 15 Pro,Black Friday,27.642052935932135,265
Premium Case | iPhone 15 Pro Max,Black Friday,39.42132374212118,154
Standard Case | iPhone 15 Pro Max,Black Friday,21.341590123864318,276
Premium Case | iPhone 15 Pro,Black Friday,51.098864133931784,158
Standard Case | iPhone 15 Pro,Black Friday,18.354778965589688,267
Standard Case | iPhone 15 Pro Max,Black Friday,59.40991214702328,187
Premium Case | iPhone 15 Pro Max,Black Friday,49.751014618349586,163
Premium Case | iPhone 15 Pro,Cyber Monday,23.942205669037758,131
Standard Case | iPhone 15 Pro Max,Cyber Monday,15.248495270562108,312
Premium Case | iPhone 15 Pro,Black Friday,51.695764280467536,155
Premium Case | iPhone 15 Pro,Black Friday,46.80858047314277,142
Premium Case | iPhone 15 Pro,Black Friday,47.80532256184443,168
Standard Case | iPhone 15 Pro,Black Friday,49.70716560086756,222
Standard Case | iPhone 15 Pro,No Promo,18.332009328034065,175
Premium Case | iPhone 15 Pro Max,Black Friday,31.130957784492267,190
Premium Case | iPhone 15 Pro Max,Black Friday,20.21410767863084,171
Standard Case | iPhone 15 Pro Max,Black Friday,53.83965416440171,222
Premium Case | iPhone 15 Pro Max,Cyber Monday,43.04841570724011,134
Premium Case | iPhone 15 Pro,Black Friday,29.890411118369215,170
Premium Case | iPhone 15 Pro,Black Friday,17.860125762871064,178
Standard Case | iPhone 15 Pro,Black Friday,28.9942044772048,227
Premium Case | iPhone 15 Pro,Black Friday,29.633249491203618,185
Standard Case | iPhone 15 Pro Max,Black Friday,47.83227802521289,314
Premium Case | iPhone 15 Pro,Black Friday,43.69008621098459,138
Premium Case | iPhone 15 Pro,Black Friday,54.924573415934695,131
Standard Case | iPhone 15 Pro Max,Black Friday,36.249671632287715,320
Premium Case | iPhone 15 Pro Max,Black Friday,20.381741067223576,188
Premium Case | iPhone 15 Pro Max,Black Friday,47.09601542503478,161
Standard Case | iPhone 15 Pro Max,Black Friday,49.23532718776038,220
Standard Case | iPhone 15 Pro,Black Friday,40.25747389062733,251
Premium Case | iPhone 15 Pro,Cyber Monday,49.69352309795524,100
Standard Case | iPhone 15 Pro Max,Black Friday,37.220801836397584,305
Premium Case | iPhone 15 Pro,Black Friday,38.52297732218973,187
Standard Case | iPhone 15 Pro,Black Friday,34.23934582613474,322
Premium Case | iPhone 15 Pro,Black Friday,16.143860703484282,201
Standard Case | iPhone 15 Pro Max,Cyber Monday,19.855114214698702,261
Premium Case | iPhone 15 Pro,Black Friday,16.41431335590304,192
Premium Case | iPhone 15 Pro Max,No Promo,43.63846850687012,54
Standard Case | iPhone 15 Pro,Black Friday,29.1460191484347,265
Standard Case | iPhone 15 Pro,Black Friday,37.885681102411624,235
Standard Case | iPhone 15 Pro,Cyber Monday,55.84049132667418,168
Standard Case | iPhone 15 Pro Max,Cyber Monday,26.21815031169937,284
Standard Case | iPhone 15 Pro,Cyber Monday,33.467231536603336,186
Premium Case | iPhone 15 Pro Max,Cyber Monday,48.99980123443719,122
Standard Case | iPhone 15 Pro Max,Black Friday,25.29591744712301,332
Premium Case | iPhone 15 Pro Max,Cyber Monday,18.464095942295685,148
Premium Case | iPhone 15 Pro,Black Friday,28.038815381119562,136
Premium Case | iPhone 15 Pro,Cyber Monday,22.2549579264302,133
Premium Case | iPhone 15 Pro,Black Friday,56.83639435541579,144
Premium Case | iPhone 15 Pro,Cyber Monday,51.365417080398764,98
Premium Case | iPhone 15 Pro Max,Black Friday,43.503169042969056,143
Standard Case | iPhone 15 Pro Max,Black Friday,54.215726558447294,225
Standard Case | iPhone 15 Pro Max,Black Friday,51.165243460460154,270
Standard Case | iPhone 15 Pro,Cyber Monday,23.395652649871614,234
Premium Case | iPhone 15 Pro Max,Black Friday,55.165154932049,131
Premium Case | iPhone 15 Pro,Black Friday,39.270400886204285,157
Premium Case | iPhone 15 Pro Max,Black Friday,51.334806982382815,137
Standard Case | iPhone 15 Pro,Black Friday,55.324108496557194,185
Standard Case | iPhone 15 Pro,Cyber Monday,29.310156373733875,254
Premium Case | iPhone 15 Pro Max,Black Friday,19.952336603745454,183
Premium Case | iPhone 15 Pro Max,No Promo,25.257082314387375,91
Premium Case | iPhone 15 Pro Max,Black Friday,34.219850488181535,206
Standard Case | iPhone 15 Pro Max,Black Friday,51.81066446651219,273
Premium Case | iPhone 15 Pro,Cyber Monday,53.732876246535454,88
Premium Case | iPhone 15 Pro Max,Black Friday,15.312845873903582,202
Premium Case | iPhone 15 Pro Max,Black Friday,37.983628615990455,170
Premium Case | iPhone 15 Pro Max,Black Friday,33.783495141695056,159
Standard Case | iPhone 15 Pro,Cyber Monday,24.994851471182862,226
Standard Case | iPhone 15 Pro,Black Friday,20.393941530015727,226
Standard Case | iPhone 15 Pro Max,No Promo,30.192682713163258,202
Premium Case | iPhone 15 Pro,No Promo,57.43093667606336,18
Standard Case | iPhone 15 Pro Max,Black Friday,29.544131940933987,290
Premium Case | iPhone 15 Pro,Black Friday,38.34557797845147,171
Standard Case | iPhone 15 Pro,Black Friday,46.635853150283005,221
Standard Case | iPhone 15 Pro,Black Friday,31.363332107068228,269
Standard Case | iPhone 15 Pro,Black Friday,58.73019372244323,187
Standard Case | iPhone 15 Pro Max,Black Friday,58.310128272395005,252
Premium Case | iPhone 15 Pro Max,Black Friday,26.330203312141386,157
Premium Case | iPhone 15 Pro Max,Cyber Monday,37.376182765157346,133
Standard Case | iPhone 15 Pro,Cyber Monday,28.539523941754634,262
Premium Case | iPhone 15 Pro Max,Cyber Monday,27.81782224698604,127
Premium Case | iPhone 15 Pro Max,Black Friday,16.659912630953976,176
Standard Case | iPhone 15 Pro Max,Black Friday,42.43039502909536,281
Premium Case | iPhone 15 Pro,Black Friday,37.62055604529877,170
Standard Case | iPhone 15 Pro,No Promo,17.31654380624952,166
Standard Case | iPhone 15 Pro,Black Friday,27.539090890647515,271
Standard Case | iPhone 15 Pro Max,Cyber Monday,55.87196486849942,209
Standard Case | iPhone 15 Pro Max,Black Friday,25.78028508001376,325
Premium Case | iPhone 15 Pro Max,Black Friday,21.520269244105037,198
Standard Case | iPhone 15 Pro,Cyber Monday,37.025374212490334,199
Premium Case | iPhone 15 Pro,Black Friday,59.35427043497703,128
Standard Case | iPhone 15 Pro Max,Cyber Monday,25.892487218017518,301
Premium Case | iPhone 15 Pro,No Promo,45.246099633264535,47
Premium Case | iPhone 15 Pro,Black Friday,49.27288268979229,128
Standard Case | iPhone 15 Pro,Black Friday,25.693689479657984,291
Standard Case | iPhone 15 Pro,Black Friday,47.76973568753368,222
Standard Case | iPhone 15 Pro Max,No Promo,31.550240972366396,134
Standard Case | iPhone 15 Pro,Black Friday,43.453762376711076,256
Standard Case | iPhone 15 Pro,Black Friday,43.50883698424026,220
Standard Case | iPhone 15 Pro,Black Friday,39.10986078336413,239
Premium Case | iPhone 15 Pro,Cyber Monday,19.063039652448374,151
Standard Case | iPhone 15 Pro Max,Black Friday,52.58861230151571,248
Premium Case | iPhone 15 Pro Max,Cyber Monday,29.435102923728113,152
Premium Case | iPhone 15 Pro,No Promo,23.39333296799344,74
Standard Case | iPhone 15 Pro,Black Friday,16.834881369964375,281
Premium Case | iPhone 15 Pro,Black Friday,41.59018244347088,155
Standard Case | iPhone 15 Pro,No Promo,45.49039628290271,135
Standard Case | iPhone 15 Pro,Black Friday,15.746452301753527,285
Premium Case | iPhone 15 Pro,Cyber Monday,38.04418762346764,113
Standard Case | iPhone 15 Pro Max,Black Friday,25.192309883907207,324
Standard Case | iPhone 15 Pro,Black Friday,44.032775568425244,219
Standard Case | iPhone 15 Pro Max,Cyber Monday,22.846489305224615,273
Premium Case | iPhone 15 Pro Max,Black Friday,46.09219821461097,162
Standard Case | iPhone 15 Pro,Black Friday,32.40309058352418,304
Standard Case | iPhone 15 Pro Max,Black Friday,57.152849493153056,225
Standard Case | iPhone 15 Pro Max,Black Friday,21.1884424865697,279
Premium Case | iPhone 15 Pro Max,Black Friday,30.347985797261632,180
Standard Case | iPhone 15 Pro Max,Black Friday,20.106308455826507,281
Standard Case | iPhone 15 Pro Max,No Promo,56.61121282253532,140
Premium Case | iPhone 15 Pro Max,Black Friday,54.48027090214415,111
Standard Case | iPhone 15 Pro,Black Friday,26.607373247182004,226
Standard Case | iPhone 15 Pro Max,Black Friday,44.69928207153806,229
Standard Case | iPhone 15 Pro Max,Cyber Monday,51.77499900905471,227
Standard Case | iPhone 15 Pro Max,Black Friday,39.98403652197581,322
Premium Case | iPhone 15 Pro,No Promo,38.83427602602029,59
Premium Case | iPhone 15 Pro Max,Black Friday,25.883353090520323,182
Premium Case | iPhone 15 Pro,Black Friday,19.189624551265464,187
Premium Case | iPhone 15 Pro Max,Black Friday,55.374709107899704,152
Standard Case | iPhone 15 Pro,Black Friday,55.51881257234987,184
Standard Case | iPhone 15 Pro,Black Friday,43.48956557729706,240
Standard Case | iPhone 15 Pro Max,Black Friday,30.25634059719153,315
Premium Case | iPhone 15 Pro Max,Cyber Monday,30.714430857569738,147
Standard Case | iPhone 15 Pro,Black Friday,47.668005549160775,230
Premium Case | iPhone 15 Pro Max,Black Friday,55.36996169786597,149
Standard Case | iPhone 15 Pro,Black Friday,54.91888909193028,143
Premium Case | iPhone 15 Pro,Cyber Monday,50.09439956359307,109
Standard Case | iPhone 15 Pro,Black Friday,43.891424076942954,216
Premium Case | iPhone 15 Pro,Black Friday,18.786298424777197,146
Standard Case | iPhone 15 Pro,Black Friday,22.27329213425762,277
Standard Case | iPhone 15 Pro Max,Cyber Monday,55.43493848371857,227
Premium Case | iPhone 15 Pro,Black Friday,42.289307684681546,156
Standard Case | iPhone 15 Pro,Black Friday,15.413867322748334,296
Standard Case | iPhone 15 Pro Max,Cyber Monday,19.566219428971444,300
Premium Case | iPhone 15 Pro,Cyber Monday,44.85757960986251,129
Standard Case | iPhone 15 Pro Max,Black Friday,15.22777127307984,353
Premium Case | iPhone 15 Pro Max,Cyber Monday,22.23636231378744,160
Premium Case | iPhone 15 Pro Max,Black Friday,39.69302052149638,169
Premium Case | iPhone 15 Pro,Black Friday,46.135283896171195,124
Standard Case | iPhone 15 Pro,Black Friday,44.338256677617025,226
Premium Case | iPhone 15 Pro,Black Friday,25.092118925725188,164
Standard Case | iPhone 15 Pro Max,Black Friday,47.04806496063912,319
Standard Case | iPhone 15 Pro,No Promo,25.676208937356,150
Premium Case | iPhone 15 Pro Max,Black Friday,29.642986417167048,184
Standard Case | iPhone 15 Pro,Black Friday,48.592113230311085,237
Premium Case | iPhone 15 Pro Max,Black Friday,44.23348045712466,160
Standard Case | iPhone 15 Pro,No Promo,53.215053472238004,127
Standard Case | iPhone 15 Pro,Black Friday,44.592580153515456,215
Standard Case | iPhone 15 Pro,Black Friday,40.573887150096226,244
Standard Case | iPhone 15 Pro Max,Black Friday,19.215364552264163,267
Standard Case | iPhone 15 Pro Max,Black Friday,31.54721113767451,239
Premium Case | iPhone 15 Pro,No Promo,26.934106545677643,70
Premium Case | iPhone 15 Pro,No Promo,25.97953395205876,75
Premium Case | iPhone 15 Pro Max,Black Friday,58.785474963860054,119
Standard Case | iPhone 15 Pro Max,No Promo,32.68939761000422,162
Premium Case | iPhone 15 Pro Max,Black Friday,55.1420949829701,113
Premium Case | iPhone 15 Pro,Cyber Monday,43.401238169876834,115
Premium Case | iPhone 15 Pro Max,Black Friday,50.76650865937418,121
Premium Case | iPhone 15 Pro,Black Friday,37.618669189733644,180
Standard Case | iPhone 15 Pro Max,Black Friday,40.960674808186155,270
Standard Case | iPhone 15 Pro,Black Friday,37.163296221848874,204
Standard Case | iPhone 15 Pro Max,Black Friday,23.785934450912002,279
Premium Case | iPhone 15 Pro Max,Black Friday,47.510345186767736,140
Premium Case | iPhone 15 Pro Max,Black Friday,27.63475630983851,190
Standard Case | iPhone 15 Pro Max,Cyber Monday,16.09421848941542,295
Standard Case | iPhone 15 Pro Max,Black Friday,44.046253315822554,206
Premium Case | iPhone 15 Pro,Black Friday,22.9699805733172,185
Premium Case | iPhone 15 Pro Max,No Promo,57.320636295881144,23
Premium Case | iPhone 15 Pro Max,Black Friday,57.92678596511643,137
Standard Case | iPhone 15 Pro Max,Black Friday,56.16889755992018,240
Standard Case | iPhone 15 Pro,Black Friday,31.657141511495,231
Premium Case | iPhone 15 Pro Max,Cyber Monday,15.695547743799034,146
Standard Case | iPhone 15 Pro,Black Friday,56.77433531644764,184
Standard Case | iPhone 15 Pro Max,Black Friday,34.268286674279146,312
Standard Case | iPhone 15 Pro Max,Cyber Monday,58.49946685696513,188
Premium Case | iPhone 15 Pro,No Promo,58.36289896901638,20
Premium Case | iPhone 15 Pro Max,Black Friday,53.3854254960312,138
Standard Case | iPhone 15 Pro,Black Friday,28.250200143131355,235
Premium Case | iPhone 15 Pro,Black Friday,32.329397787086634,145
Premium Case | iPhone 15 Pro Max,Cyber Monday,53.30115021825856,79
Premium Case | iPhone 15 Pro,Black Friday,29.261490232032493,146
Standard Case | iPhone 15 Pro Max,Black Friday,22.627173600874162,299
Premium Case | iPhone 15 Pro Max,No Promo,40.05605681062576,65
Premium Case | iPhone 15 Pro,Black Friday,57.12696483723514,102
Premium Case | iPhone 15 Pro,Black Friday,46.32134085037379,165
Standard Case | iPhone 15 Pro,Black Friday,40.65275265402143,226
Premium Case | iPhone 15 Pro,Black Friday,19.372942219684585,189
Premium Case | iPhone 15 Pro Max,Black Friday,42.67532520146264,191
Premium Case | iPhone 15 Pro Max,Black Friday,59.552423254691846,136
Standard Case | iPhone 15 Pro,Black Friday,21.30378068564358,253
Premium Case | iPhone 15 Pro Max,Black Friday,38.32483435636816,153
Standard Case | iPhone 15 Pro Max,No Promo,54.48178823675799,101
Premium Case | iPhone 15 Pro Max,Black Friday,48.3345877989392,139
Premium Case | iPhone 15 Pro Max,No Promo,46.36570834478706,49
Premium Case | iPhone 15 Pro,Black Friday,46.611783779419916,134
Premium Case | iPhone 15 Pro,Cyber Monday,31.177101804888984,133
Premium Case | iPhone 15 Pro Max,Cyber Monday,28.2116329919022,144
Standard Case | iPhone 15 Pro,Black Friday,51.421251996533115,211
Premium Case | iPhone 15 Pro,Cyber Monday,51.455102760563136,91
Standard Case | iPhone 15 Pro,Cyber Monday,54.01825433610467,173
Premium Case | iPhone 15 Pro Max,Black Friday,56.09582486504121,139
Premium Case | iPhone 15 Pro Max,Black Friday,38.0104079487422,150
Standard Case | iPhone 15 Pro Max,Black Friday,37.56823326092398,317
Premium Case | iPhone 15 Pro,Cyber Monday,50.92328305350488,99
Premium Case | iPhone 15 Pro Max,Cyber Monday,44.24837688499943,119
Standard Case | iPhone 15 Pro Max,Cyber Monday,46.588509476596656,233
Premium Case | iPhone 15 Pro,Black Friday,50.81067012462455,144
Premium Case | iPhone 15 Pro Max,Cyber Monday,55.05024038179048,104
Premium Case | iPhone 15 Pro Max,Black Friday,30.209782058319114,187
Premium Case | iPhone 15 Pro,Black Friday,31.901232868797482,163
Premium Case | iPhone 15 Pro,Black Friday,19.229187292839107,194
Premium Case | iPhone 15 Pro,Black Friday,41.02260634482783,141
Premium Case | iPhone 15 Pro Max,Black Friday,16.617402320853394,194
Premium Case | iPhone 15 Pro Max,Black Friday,35.95191081596071,173
Standard Case | iPhone 15 Pro Max,Black Friday,39.41900856184095,264
Standard Case | iPhone 15 Pro,Black Friday,27.8943563457728,252
Premium Case | iPhone 15 Pro,Black Friday,41.58749672560548,127
Premium Case | iPhone 15 Pro Max,Black Friday,16.372511247257226,179
Premium Case | iPhone 15 Pro Max,Black Friday,16.68066849371465,194
Premium Case | iPhone 15 Pro,Black Friday,52.01702522968462,140
Standard Case | iPhone 15 Pro,Black Friday,31.20857886350683,223
Premium Case | iPhone 15 Pro,Black Friday,20.717723069334816,212
Standard Case | iPhone 15 Pro,Black Friday,38.500946702466194,219
Premium Case | iPhone 15 Pro Max,Black Friday,49.64970988943749,164
Standard Case | iPhone 15 Pro,Black Friday,24.711946237357942,272
Standard Case | iPhone 15 Pro Max,Black Friday,43.03007141185501,245
Premium Case | iPhone 15 Pro Max,Cyber Monday,18.84063592471956,181
Standard Case | iPhone 15 Pro Max,Black Friday,17.325677452587346,252
Premium Case | iPhone 15 Pro,Black Friday,38.91095842056666,181
Premium Case | iPhone 15 Pro,Black Friday,39.32858047245479,182
Premium Case | iPhone 15 Pro,Black Friday,43.6843455674193,144
Standard Case | iPhone 15 Pro,Black Friday,47.67411001751977,261
Premium Case | iPhone 15 Pro Max,Black Friday,58.91334357581406,121
Premium Case | iPhone 15 Pro,Black Friday,38.23351567355379,171
Premium Case | iPhone 15 Pro,Black Friday,29.533041282356066,182
Premium Case | iPhone 15 Pro Max,Black Friday,50.78337876459167,143
Premium Case | iPhone 15 Pro,Cyber Monday,27.187451306793342,151
Standard Case | iPhone 15 Pro Max,Cyber Monday,34.75371393175362,258
Premium Case | iPhone 15 Pro Max,Cyber Monday,18.53053716040197,119
Premium Case | iPhone 15 Pro Max,No Promo,16.140783453695587,101
Premium Case | iPhone 15 Pro Max,Black Friday,58.31917866050663,102
Standard Case | iPhone 15 Pro Max,Black Friday,52.61910542304926,272
Premium Case | iPhone 15 Pro Max,Black Friday,46.31883927421641,174
Standard Case | iPhone 15 Pro Max,Black Friday,33.40288249864214,245
Premium Case | iPhone 15 Pro Max,Cyber Monday,22.79824440318806,140
Standard Case | iPhone 15 Pro,Black Friday,22.039666920198872,227
Premium Case | iPhone 15 Pro,No Promo,26.26093041740679,74
Standard Case | iPhone 15 Pro,Black Friday,39.71519991177542,232
Premium Case | iPhone 15 Pro,No Promo,47.156816521502805,47
Standard Case | iPhone 15 Pro Max,Black Friday,44.70888195229791,300
Standard Case | iPhone 15 Pro,Black Friday,27.59702536256743,298
Premium Case | iPhone 15 Pro Max,Black Friday,57.96893762984374,119
Premium Case | iPhone 15 Pro,Black Friday,48.20536125130958,143
Premium Case | iPhone 15 Pro,Black Friday,39.94593236301303,133
Standard Case | iPhone 15 Pro,Black Friday,42.527433580545846,214
Standard Case | iPhone 15 Pro Max,Cyber Monday,33.88200280925055,264
Standard Case | iPhone 15 Pro,Black Friday,26.147894527552086,306
Standard Case | iPhone 15 Pro Max,Black Friday,31.01877053930677,242
Standard Case | iPhone 15 Pro Max,Black Friday,49.10307497089661,234
Premium Case | iPhone 15 Pro,Cyber Monday,15.647706988339014,147
Standard Case | iPhone 15 Pro,Black Friday,20.22326882281123,271
Standard Case | iPhone 15 Pro,Black Friday,17.070118890978875,239
Standard Case | iPhone 15 Pro Max,Black Friday,16.832796104353655,309
Standard Case | iPhone 15 Pro,Black Friday,53.495726280495326,200
Premium Case | iPhone 15 Pro Max,Black Friday,46.664603672101066,154
Premium Case | iPhone 15 Pro Max,Black Friday,36.33782230892963,183
Standard Case | iPhone 15 Pro,Black Friday,19.402537229295067,263
Standard Case | iPhone 15 Pro,Cyber Monday,37.122714380257456,194
Standard Case | iPhone 15 Pro Max,Black Friday,36.30622968512546,272
Premium Case | iPhone 15 Pro Max,Black Friday,22.794084145950684,186
Premium Case | iPhone 15 Pro Max,Black Friday,34.52332421570878,168
Premium Case | iPhone 15 Pro,No Promo,32.932713047881805,66
Standard Case | iPhone 15 Pro Max,Black Friday,42.71325441234974,313
Premium Case | iPhone 15 Pro,Cyber Monday,43.579214289043975,122
Premium Case | iPhone 15 Pro Max,Black Friday,17.038680439742002,185
Standard Case | iPhone 15 Pro Max,Black Friday,31.857567658191204,304
Standard Case | iPhone 15 Pro,Black Friday,43.16369620714064,226
Standard Case | iPhone 15 Pro Max,No Promo,37.64113163610395,190
Standard Case | iPhone 15 Pro,Black Friday,53.542042853474506,220
Standard Case | iPhone 15 Pro,Cyber Monday,44.64121342285253,189
Standard Case | iPhone 15 Pro Max,Cyber Monday,22.332049218664338,263
Standard Case | iPhone 15 Pro,Black Friday,18.175593633019343,215
Premium Case | iPhone 15 Pro,Black Friday,43.9088675192842,136
Premium Case | iPhone 15 Pro Max,Black Friday,16.193008974372983,165
Standard Case | iPhone 15 Pro,Black Friday,41.35990115730585,242
Premium Case | iPhone 15 Pro,Cyber Monday,57.31036086412309,100
Standard Case | iPhone 15 Pro,No Promo,40.89633800441455,165
Premium Case | iPhone 15 Pro Max,Black Friday,32.46764667929349,191
Premium Case | iPhone 15 Pro,Black Friday,43.947969829905894,164
Premium Case | iPhone 15 Pro Max,Cyber Monday,35.62138007211825,108
Premium Case | iPhone 15 Pro Max,Black Friday,39.55275551921707,158
Premium Case | iPhone 15 Pro,Cyber Monday,57.36591639494363,76
Premium Case | iPhone 15 Pro,Black Friday,32.37461870103484,162
Premium Case | iPhone 15 Pro,Black Friday,58.25357537207614,119
Standard Case | iPhone 15 Pro Max,Black Friday,55.74077888802287,222
Premium Case | iPhone 15 Pro,Black Friday,23.81060106551834,141
Premium Case | iPhone 15 Pro,Black Friday,18.121258539382445,203
Premium Case | iPhone 15 Pro,Black Friday,19.5350100619842,162
Premium Case | iPhone 15 Pro,Black Friday,15.819982154319737,193
Standard Case | iPhone 15 Pro,Cyber Monday,19.24993323401678,277
Standard Case | iPhone 15 Pro Max,Cyber Monday,45.73530480373606,195
Premium Case | iPhone 15 Pro Max,Black Friday,18.203489180710303,134
Premium Case | iPhone 15 Pro,Black Friday,29.35390336321926,172
Standard Case | iPhone 15 Pro,Black Friday,53.019388993625455,240
Standard Case | iPhone 15 Pro,Black Friday,16.047237108112164,327
Standard Case | iPhone 15 Pro,Black Friday,51.65108171650211,185
Premium Case | iPhone 15 Pro Max,Black Friday,27.683464864802996,194
Premium Case | iPhone 15 Pro,Black Friday,20.317417242974532,175
Standard Case | iPhone 15 Pro Max,Black Friday,46.353172441386775,254
Standard Case | iPhone 15 Pro Max,Black Friday,43.302428105094776,343
Standard Case | iPhone 15 Pro,Black Friday,54.48624060871738,172
Premium Case | iPhone 15 Pro Max,No Promo,48.07819697117486,47
Premium Case | iPhone 15 Pro Max,Black Friday,51.156641867318186,152
Premium Case | iPhone 15 Pro Max,Black Friday,27.69155576570879,206
Standard Case | iPhone 15 Pro Max,Black Friday,22.984779470087528,293
Standard Case | iPhone 15 Pro,Black Friday,48.77766382383862,230
Premium Case | iPhone 15 Pro,Cyber Monday,51.30756326702688,95
Standard Case | iPhone 15 Pro Max,Black Friday,59.5727313900303,232
Standard Case | iPhone 15 Pro,No Promo,33.56779546101419,139
Standard Case | iPhone 15 Pro,Black Friday,31.740813860675242,270
Premium Case | iPhone 15 Pro,Black Friday,49.938583233389856,137
Premium Case | iPhone 15 Pro,Cyber Monday,30.336159311385803,141
Premium Case | iPhone 15 Pro,Black Friday,56.88407965216041,125
Premium Case | iPhone 15 Pro Max,Black Friday,53.62857383293553,156
Premium Case | iPhone 15 Pro,Black Friday,34.30473123187583,170
Standard Case | iPhone 15 Pro,Black Friday,48.78919805061738,178
Premium Case | iPhone 15 Pro,Cyber Monday,48.95442933381071,118
Standard Case | iPhone 15 Pro,Black Friday,19.64057409761697,235
Standard Case | iPhone 15 Pro Max,Black Friday,55.6148808005805,217
Premium Case | iPhone 15 Pro Max,Black Friday,37.73635676015357,160
Standard Case | iPhone 15 Pro Max,Black Friday,52.190585974848375,283
Standard Case | iPhone 15 Pro Max,Black Friday,29.402232046377527,214
Standard Case | iPhone 15 Pro,Black Friday,55.29854528232902,283
Standard Case | iPhone 15 Pro Max,Black Friday,32.514075543037336,314
Standard Case | iPhone 15 Pro,Cyber Monday,15.487694316613426,231
Premium Case | iPhone 15 Pro,Black Friday,55.74218893886687,128
Premium Case | iPhone 15 Pro,Black Friday,19.10790045537601,192
Standard Case | iPhone 15 Pro,Cyber Monday,29.36911369156867,227
Premium Case | iPhone 15 Pro,Black Friday,57.75278851728622,132
Premium Case | iPhone 15 Pro Max,Black Friday,57.77732161219002,136
Standard Case | iPhone 15 Pro Max,Black Friday,40.80470496554787,271
Premium Case | iPhone 15 Pro Max,Black Friday,43.43267454764097,157
Standard Case | iPhone 15 Pro Max,Black Friday,35.18004848902439,272
Premium Case | iPhone 15 Pro,No Promo,28.194484726412902,72
Premium Case | iPhone 15 Pro Max,Black Friday,29.789904541646216,204
Premium Case | iPhone 15 Pro,Black Friday,45.26333052346673,163
Standard Case | iPhone 15 Pro Max,Cyber Monday,48.8568538246956,141
Standard Case | iPhone 15 Pro,Black Friday,50.621056967663186,235
Standard Case | iPhone 15 Pro,Black Friday,50.53281642575492,223
Premium Case | iPhone 15 Pro Max,Black Friday,19.104274637191068,190
Premium Case | iPhone 15 Pro,No Promo,37.24891371161617,60
Premium Case | iPhone 15 Pro,Black Friday,17.590144200748995,212
Premium Case | iPhone 15 Pro Max,Black Friday,39.728799704568104,185
Standard Case | iPhone 15 Pro,Black Friday,34.868872561801965,226
Standard Case | iPhone 15 Pro Max,Black Friday,54.94668822412349,248
Premium Case | iPhone 15 Pro Max,Black Friday,30.79117556484354,161
Standard Case | iPhone 15 Pro Max,Black Friday,20.268015739242266,244
Standard Case | iPhone 15 Pro,Cyber Monday,21.434625692377615,205
Premium Case | iPhone 15 Pro,Black Friday,49.26797842728625,158
Standard Case | iPhone 15 Pro,Black Friday,42.81981284923175,260
Premium Case | iPhone 15 Pro Max,Cyber Monday,19.550520425525562,158
Premium Case | iPhone 15 Pro,No Promo,18.784806275174883,88
Premium Case | iPhone 15 Pro Max,Black Friday,46.543610915660395,163
Premium Case | iPhone 15 Pro Max,Black Friday,18.27433528638871,176
Standard Case | iPhone 15 Pro,Black Friday,51.98370266806603,226
Premium Case | iPhone 15 Pro Max,No Promo,46.780900222042334,53
Standard Case | iPhone 15 Pro,No Promo,18.66069512888549,173
Premium Case | iPhone 15 Pro,Black Friday,18.817697133833637,212
Standard Case | iPhone 15 Pro,Cyber Monday,59.3987810325529,169
Premium Case | iPhone 15 Pro,Black Friday,31.842185809025416,181
Standard Case | iPhone 15 Pro,Black Friday,31.678896618010093,283
Standard Case | iPhone 15 Pro Max,Black Friday,51.575980526587614,245
Standard Case | iPhone 15 Pro Max,Cyber Monday,57.62618598227364,170
Premium Case | iPhone 15 Pro Max,Black Friday,59.37004787202919,121
Standard Case | iPhone 15 Pro,Cyber Monday,48.902018336652375,166
Standard Case | iPhone 15 Pro,Cyber Monday,31.93168134889121,195
Premium Case | iPhone 15 Pro,Cyber Monday,18.757532251440093,143
Premium Case | iPhone 15 Pro Max,Black Friday,49.97161121673466,134
Standard Case | iPhone 15 Pro,Black Friday,40.12819123811123,232
Premium Case | iPhone 15 Pro Max,Black Friday,34.089990416113935,139
Standard Case | iPhone 15 Pro Max,Black Friday,55.78594732926312,241
Standard Case | iPhone 15 Pro,Black Friday,20.00388670377681,263
Standard Case | iPhone 15 Pro,No Promo,37.16812969308866,127
Premium Case | iPhone 15 Pro Max,Black Friday,15.510914014533858,208
Standard Case | iPhone 15 Pro,Black Friday,36.08972888973568,272
Premium Case | iPhone 15 Pro Max,Black Friday,17.53364740568268,155
Standard Case | iPhone 15 Pro,Black Friday,20.346806232063237,239
Premium Case | iPhone 15 Pro,Black Friday,20.28868110496972,168
Premium Case | iPhone 15 Pro Max,Black Friday,44.21446359522286,143
Standard Case | iPhone 15 Pro,No Promo,48.57201956694405,129
Standard Case | iPhone 15 Pro Max,Black Friday,41.25159442937218,261
Standard Case | iPhone 15 Pro,No Promo,58.29776468135439,91
Standard Case | iPhone 15 Pro Max,Cyber Monday,31.86917607856668,186
Standard Case | iPhone 15 Pro Max,Black Friday,27.857043882683733,307
Premium Case | iPhone 15 Pro,No Promo,54.086960768525714,24
Premium Case | iPhone 15 Pro Max,Black Friday,25.06181273337537,187
Standard Case | iPhone 15 Pro,Cyber Monday,58.345014274827506,164
Premium Case | iPhone 15 Pro,Black Friday,15.546951361041735,219
Standard Case | iPhone 15 Pro,Cyber Monday,58.64454720184376,133
Standard Case | iPhone 15 Pro Max,Cyber Monday,16.942196037775926,162
Premium Case | iPhone 15 Pro Max,Cyber Monday,55.1014401164132,96
Standard Case | iPhone 15 Pro,Cyber Monday,38.746549908883495,242
Standard Case | iPhone 15 Pro,Black Friday,59.68341582536851,224
Standard Case | iPhone 15 Pro Max,Black Friday,18.320845413092947,300
Standard Case | iPhone 15 Pro,Black Friday,39.92344279805944,227
Standard Case | iPhone 15 Pro,Black Friday,58.61861410285945,217
Standard Case | iPhone 15 Pro Max,Black Friday,38.5394029876567,242
Premium Case | iPhone 15 Pro,Black Friday,43.32293871608681,165
Standard Case | iPhone 15 Pro Max,No Promo,46.308691004307775,161
Premium Case | iPhone 15 Pro,Black Friday,35.4543479145498,190
Premium Case | iPhone 15 Pro Max,Cyber Monday,43.24011360378286,156
Premium Case | iPhone 15 Pro,Black Friday,41.29414403653951,167
Premium Case | iPhone 15 Pro,Cyber Monday,55.552110472094505,83
Premium Case | iPhone 15 Pro Max,No Promo,17.045087115365604,86
Premium Case | iPhone 15 Pro,Black Friday,27.643343531650366,143
Standard Case | iPhone 15 Pro Max,Black Friday,57.76851678344514,211
Premium Case | iPhone 15 Pro,Cyber Monday,55.06187027509124,85
Premium Case | iPhone 15 Pro Max,Black Friday,35.50455387535708,164
Standard Case | iPhone 15 Pro Max,Black Friday,42.90596690106915,269
Premium Case | iPhone 15 Pro Max,Black Friday,27.48215323415097,167
Premium Case | iPhone 15 Pro Max,Black Friday,23.46545218756926,211
Standard Case | iPhone 15 Pro,Black Friday,35.8664282222992,247
Standard Case | iPhone 15 Pro,Black Friday,30.900850261172376,253
Premium Case | iPhone 15 Pro Max,Black Friday,41.264525033289246,159
Premium Case | iPhone 15 Pro Max,Black Friday,18.498058663424317,194
Premium Case | iPhone 15 Pro Max,No Promo,58.847766344977494,22
Standard Case | iPhone 15 Pro,Black Friday,59.37948350158213,176
Standard Case | iPhone 15 Pro,No Promo,46.417277130888536,114
Premium Case | iPhone 15 Pro,Black Friday,39.124336485485415,159
Premium Case | iPhone 15 Pro,Black Friday,28.92874273288475,151
Premium Case | iPhone 15 Pro Max,Black Friday,51.62077588681269,130
Standard Case | iPhone 15 Pro Max,Black Friday,45.812902764924566,244
Standard Case | iPhone 15 Pro Max,Black Friday,22.31776227052011,320
Standard Case | iPhone 15 Pro,Black Friday,55.99172330222291,211
Standard Case | iPhone 15 Pro,Black Friday,52.0141759315426,220
Standard Case | iPhone 15 Pro,Black Friday,57.740996098136584,221
Premium Case | iPhone 15 Pro Max,Black Friday,47.6573778774762,150
Standard Case | iPhone 15 Pro Max,Black Friday,42.60368381711054,277
Premium Case | iPhone 15 Pro,Black Friday,33.82093663307785,170
Premium Case | iPhone 15 Pro Max,Cyber Monday,56.972781750930594,92
Premium Case | iPhone 15 Pro,Black Friday,53.97287502751838,124
Premium Case | iPhone 15 Pro,Black Friday,17.03484015477852,133
Premium Case | iPhone 15 Pro Max,No Promo,16.18651385237634,86
Premium Case | iPhone 15 Pro,Black Friday,31.940851509512232,202
Standard Case | iPhone 15 Pro Max,Black Friday,51.47489988518248,272
Premium Case | iPhone 15 Pro,No Promo,59.4274258191725,15
Standard Case | iPhone 15 Pro Max,Black Friday,21.76876009965877,333
Standard Case | iPhone 15 Pro Max,Black Friday,41.735882190846084,269
Standard Case | iPhone 15 Pro Max,Black Friday,32.140088548395966,287
Standard Case | iPhone 15 Pro,Black Friday,58.646147901657145,184
Premium Case | iPhone 15 Pro,Black Friday,52.89535154110689,131
Premium Case | iPhone 15 Pro Max,Black Friday,52.724791712001206,150
Premium Case | iPhone 15 Pro Max,Black Friday,36.09119219077366,196
Premium Case | iPhone 15 Pro,Black Friday,33.666877605194934,170
Standard Case | iPhone 15 Pro,No Promo,27.30331823688178,144
Standard Case | iPhone 15 Pro,Cyber Monday,17.53689734929172,224
Standard Case | iPhone 15 Pro Max,Black Friday,53.912506931477395,256
Premium Case | iPhone 15 Pro,Black Friday,51.58054541085349,116
Premium Case | iPhone 15 Pro,Black Friday,59.987295297875875,85
Premium Case | iPhone 15 Pro Max,Black Friday,59.84865766832574,114
Premium Case | iPhone 15 Pro,Black Friday,39.99442675211824,141
Standard Case | iPhone 15 Pro,Black Friday,49.60443368312297,208
Premium Case | iPhone 15 Pro,Cyber Monday,57.51445784470926,82
Premium Case | iPhone 15 Pro Max,Black Friday,53.23413258048352,132
Standard Case | iPhone 15 Pro Max,Black Friday,26.130664578443895,336
Premium Case | iPhone 15 Pro Max,Black Friday,35.274486088954205,181
Premium Case | iPhone 15 Pro Max,Black Friday,20.812173681817274,196
Standard Case | iPhone 15 Pro Max,Cyber Monday,57.93229622664251,203
Premium Case | iPhone 15 Pro Max,Cyber Monday,42.2778585502896,108
Premium Case | iPhone 15 Pro Max,Cyber Monday,25.288926247655823,162
Premium Case | iPhone 15 Pro,Black Friday,45.22653079826355,152
Premium Case | iPhone 15 Pro,Black Friday,42.81577082060531,169
Standard Case | iPhone 15 Pro Max,Black Friday,31.11732231147782,248
Premium Case | iPhone 15 Pro,Black Friday,20.110091648983307,151
Premium Case | iPhone 15 Pro,Black Friday,45.22079380167598,167
Premium Case | iPhone 15 Pro Max,Cyber Monday,38.4138465406707,134
Standard Case | iPhone 15 Pro,Black Friday,49.754327628103766,198
Premium Case | iPhone 15 Pro,Black Friday,38.407357550039706,150
Standard Case | iPhone 15 Pro,Black Friday,53.34816751433431,239
Premium Case | iPhone 15 Pro,Black Friday,39.83580774485185,142
Premium Case | iPhone 15 Pro,Black Friday,40.24220871909238,191
Standard Case | iPhone 15 Pro Max,No Promo,54.44941211962553,120
Standard Case | iPhone 15 Pro Max,Cyber Monday,33.15672897955787,256
Standard Case | iPhone 15 Pro Max,No Promo,21.03068528027883,179
Standard Case | iPhone 15 Pro,Black Friday,16.295220434100255,284
Premium Case | iPhone 15 Pro Max,Black Friday,48.98117650531285,140
Premium Case | iPhone 15 Pro,Black Friday,42.91392981090591,155
Premium Case | iPhone 15 Pro,Black Friday,46.68358956446506,150
Premium Case | iPhone 15 Pro,Cyber Monday,24.58338726790098,125
Standard Case | iPhone 15 Pro,Black Friday,21.13671640140464,285
Standard Case | iPhone 15 Pro Max,Black Friday,15.654509955054687,277
Premium Case | iPhone 15 Pro Max,Black Friday,30.776440146296864,176
Standard Case | iPhone 15 Pro,Black Friday,41.54629590845849,211
Standard Case | iPhone 15 Pro Max,Cyber Monday,32.650982029487956,170
Standard Case | iPhone 15 Pro,Black Friday,34.6863714910678,243
Premium Case | iPhone 15 Pro Max,Black Friday,55.68714125221868,170
Standard Case | iPhone 15 Pro Max,Black Friday,30.671496016048515,308
Standard Case | iPhone 15 Pro,Black Friday,38.12952701219149,243
Premium Case | iPhone 15 Pro Max,Cyber Monday,50.26438557335144,103
Premium Case | iPhone 15 Pro,Cyber Monday,32.84442520445715,133
Premium Case | iPhone 15 Pro Max,No Promo,42.993901510254304,60
Premium Case | iPhone 15 Pro,Cyber Monday,53.80636689360353,81
Standard Case | iPhone 15 Pro,Black Friday,57.72842806459389,227
Standard Case | iPhone 15 Pro Max,Black Friday,21.618306641806708,315
Standard Case | iPhone 15 Pro Max,Black Friday,56.69644313226725,252
Standard Case | iPhone 15 Pro,Black Friday,37.14523318857922,257
Standard Case | iPhone 15 Pro Max,Cyber Monday,26.620997473453127,247
Standard Case | iPhone 15 Pro Max,Black Friday,35.66110903072176,297
Premium Case | iPhone 15 Pro,No Promo,59.101465887846466,16
Standard Case | iPhone 15 Pro,Black Friday,37.16781422967913,235
Premium Case | iPhone 15 Pro Max,Black Friday,29.793822462937868,170
Premium Case | iPhone 15 Pro,Black Friday,43.50303844425266,158
Standard Case | iPhone 15 Pro,Cyber Monday,25.806552845018686,256
Premium Case | iPhone 15 Pro,Black Friday,18.413849764889875,159
Premium Case | iPhone 15 Pro Max,Black Friday,20.799587485979217,157
Premium Case | iPhone 15 Pro Max,Black Friday,20.76206275309976,193
Standard Case | iPhone 15 Pro,Black Friday,21.835621208053247,263
Premium Case | iPhone 15 Pro Max,Black Friday,21.247222769223455,193
Premium Case | iPhone 15 Pro,Cyber Monday,43.83936351614466,118
Premium Case | iPhone 15 Pro Max,Black Friday,23.184603797961515,183
Premium Case | iPhone 15 Pro,Black Friday,30.555027749573846,205
Premium Case | iPhone 15 Pro,Black Friday,55.35547844577053,106
Premium Case | iPhone 15 Pro Max,Black Friday,36.328273811829256,157
Standard Case | iPhone 15 Pro,Cyber Monday,45.04009823344622,188
Standard Case | iPhone 15 Pro Max,Black Friday,22.754394204073343,234
Premium Case | iPhone 15 Pro Max,Black Friday,23.653005846390187,183
Premium Case | iPhone 15 Pro,Black Friday,16.839087731991548,224
Premium Case | iPhone 15 Pro,No Promo,22.602077838247403,78
Premium Case | iPhone 15 Pro Max,Cyber Monday,27.536565256438138,147
Standard Case | iPhone 15 Pro,Black Friday,22.965471792453606,222
Standard Case | iPhone 15 Pro,Black Friday,18.9916140190675,244
Premium Case | iPhone 15 Pro,Black Friday,20.428614199527036,177
Premium Case | iPhone 15 Pro,Cyber Monday,35.73504456147266,124
Standard Case | iPhone 15 Pro,Black Friday,24.285017328260665,298
Standard Case | iPhone 15 Pro Max,Black Friday,31.392143747163395,300
Premium Case | iPhone 15 Pro Max,Black Friday,37.65377718846856,150
Premium Case | iPhone 15 Pro,Black Friday,46.067767288321434,155
Premium Case | iPhone 15 Pro,Black Friday,16.769046292849453,198
Standard Case | iPhone 15 Pro,Cyber Monday,50.97346795090692,200
Premium Case | iPhone 15 Pro Max,Black Friday,43.255517527090845,189
Standard Case | iPhone 15 Pro,Black Friday,18.679156437699234,232
Premium Case | iPhone 15 Pro Max,Black Friday,54.31103808480498,124
Premium Case | iPhone 15 Pro Max,No Promo,56.43925802393159,23
Premium Case | iPhone 15 Pro Max,Black Friday,17.74850819346887,186
Premium Case | iPhone 15 Pro,Cyber Monday,27.459494166624168,146
Standard Case | iPhone 15 Pro Max,Black Friday,51.279057590687756,274
Standard Case | iPhone 15 Pro,Black Friday,48.67168606726462,221
Standard Case | iPhone 15 Pro Max,Black Friday,23.303445871036978,279
Standard Case | iPhone 15 Pro,Black Friday,24.420719550151965,264
Premium Case | iPhone 15 Pro Max,Black Friday,31.67124462561219,163
Premium Case | iPhone 15 Pro,Cyber Monday,36.80353433359596,156
Standard Case | iPhone 15 Pro Max,Black Friday,42.82146471886332,216
Premium Case | iPhone 15 Pro,Black Friday,31.601113780639757,178
Standard Case | iPhone 15 Pro,Black Friday,35.814062225991655,303
Premium Case | iPhone 15 Pro,No Promo,48.63619221601905,40
Premium Case | iPhone 15 Pro,Cyber Monday,16.650744130076905,143
Standard Case | iPhone 15 Pro Max,Black Friday,26.359662495480933,275
Premium Case | iPhone 15 Pro Max,No Promo,47.10073136480486,48
Premium Case | iPhone 15 Pro,Black Friday,55.28430769592397,150
Premium Case | iPhone 15 Pro Max,Black Friday,38.025484895204976,129
Standard Case | iPhone 15 Pro,Cyber Monday,38.9451068369392,236
Premium Case | iPhone 15 Pro,Cyber Monday,19.822740510289922,121
Standard Case | iPhone 15 Pro Max,Black Friday,35.13355650705546,269
Standard Case | iPhone 15 Pro,Black Friday,38.96777699047604,230
Standard Case | iPhone 15 Pro,Black Friday,25.911172663562837,276
Standard Case | iPhone 15 Pro Max,No Promo,27.115945392722143,149
Premium Case | iPhone 15 Pro,Black Friday,31.97778733970802,183
Premium Case | iPhone 15 Pro,Black Friday,15.903203899997687,233
Standard Case | iPhone 15 Pro,Black Friday,29.493562451243022,215
Premium Case | iPhone 15 Pro,Black Friday,24.515160314844508,186
Premium Case | iPhone 15 Pro Max,Black Friday,29.73738084800616,168
Standard Case | iPhone 15 Pro Max,No Promo,20.389295931866304,196
Premium Case | iPhone 15 Pro Max,Black Friday,55.07372763329527,135
Premium Case | iPhone 15 Pro,Black Friday,41.71166040993219,148
Standard Case | iPhone 15 Pro,Black Friday,45.55960436150203,242
Standard Case | iPhone 15 Pro Max,Cyber Monday,50.51270573733022,250
Premium Case | iPhone 15 Pro,Black Friday,37.42989895180757,163
Premium Case | iPhone 15 Pro,Black Friday,18.911412963934065,202
Standard Case | iPhone 15 Pro,Cyber Monday,39.16979438183465,172
Standard Case | iPhone 15 Pro,Cyber Monday,41.407850310939565,176
Premium Case | iPhone 15 Pro Max,Cyber Monday,48.54477633829485,115
Standard Case | iPhone 15 Pro Max,No Promo,34.42467958033557,201
Standard Case | iPhone 15 Pro Max,Black Friday,20.74111362580037,304
Standard Case | iPhone 15 Pro,Cyber Monday,27.769915760942602,208
Premium Case | iPhone 15 Pro Max,Black Friday,31.33870333793858,180
Standard Case | iPhone 15 Pro Max,Cyber Monday,44.06627585992206,190
Standard Case | iPhone 15 Pro,Cyber Monday,40.685023710101035,212
Premium Case | iPhone 15 Pro,Cyber Monday,31.024352665403082,148
Standard Case | iPhone 15 Pro Max,Black Friday,59.39318619568409,214
Premium Case | iPhone 15 Pro Max,Black Friday,42.25986687105993,155
Premium Case | iPhone 15 Pro Max,Black Friday,25.675205628119752,191
Premium Case | iPhone 15 Pro Max,No Promo,19.580211267918166,81
Premium Case | iPhone 15 Pro,No Promo,21.87866126329494,78
Standard Case | iPhone 15 Pro Max,Black Friday,26.068097777302867,357
Standard Case | iPhone 15 Pro Max,Black Friday,22.230661796680003,282
Premium Case | iPhone 15 Pro,Black Friday,23.39551608230876,175
Standard Case | iPhone 15 Pro Max,Cyber Monday,27.82928259122312,227
Premium Case | iPhone 15 Pro,Cyber Monday,22.80181178826397,155
Premium Case | iPhone 15 Pro,Black Friday,55.354444108189135,127
Premium Case | iPhone 15 Pro,Black Friday,18.6105185547739,172
Premium Case | iPhone 15 Pro Max,Cyber Monday,38.60301253066146,147
Standard Case | iPhone 15 Pro Max,Cyber Monday,33.46785721453477,277
Premium Case | iPhone 15 Pro,Black Friday,59.20703776088729,111
Standard Case | iPhone 15 Pro Max,Black Friday,20.041750597562356,228
Premium Case | iPhone 15 Pro Max,Black Friday,32.903501957058374,198
Premium Case | iPhone 15 Pro,Black Friday,58.6261694973916,111
Standard Case | iPhone 15 Pro,Black Friday,53.94782066522911,230
Premium Case | iPhone 15 Pro Max,Black Friday,51.7682431927176,111
Standard Case | iPhone 15 Pro,Cyber Monday,26.605627217022292,239
Standard Case | iPhone 15 Pro Max,Black Friday,22.689941432552963,249
Standard Case | iPhone 15 Pro Max,Cyber Monday,45.08894489659939,237
Premium Case | iPhone 15 Pro Max,Black Friday,56.82191951074136,130
Standard Case | iPhone 15 Pro Max,Black Friday,40.05433018562684,240
Standard Case | iPhone 15 Pro,Black Friday,40.722571026145495,228
Premium Case | iPhone 15 Pro,Black Friday,27.59905921471279,193
Premium Case | iPhone 15 Pro,Cyber Monday,49.62718199363716,104
Premium Case | iPhone 15 Pro,No Promo,23.416968685088552,83
Premium Case | iPhone 15 Pro Max,Black Friday,29.565565638190968,222
Standard Case | iPhone 15 Pro Max,Black Friday,34.14463973773876,229
Standard Case | iPhone 15 Pro,Cyber Monday,37.84246704080047,240
Standard Case | iPhone 15 Pro Max,Black Friday,25.90843795867861,291
Standard Case | iPhone 15 Pro Max,Black Friday,20.16765711326416,261
Standard Case | iPhone 15 Pro Max,Cyber Monday,42.47790190987347,191
Premium Case | iPhone 15 Pro,Black Friday,27.98837489581151,175
Standard Case | iPhone 15 Pro,Black Friday,41.15571996401755,263
Standard Case | iPhone 15 Pro,Black Friday,21.946322187339103,257
Standard Case | iPhone 15 Pro Max,Cyber Monday,36.65130458346678,274
Premium Case | iPhone 15 Pro,Black Friday,38.96652446482136,138
Premium Case | iPhone 15 Pro,Black Friday,17.332059157009212,187
Standard Case | iPhone 15 Pro,Cyber Monday,30.147192518726428,183
Premium Case | iPhone 15 Pro,Black Friday,21.048660462253842,192
Premium Case | iPhone 15 Pro,Cyber Monday,17.851873671274546,161
Premium Case | iPhone 15 Pro,Black Friday,59.54821045754753,113
Premium Case | iPhone 15 Pro Max,No Promo,29.505923023862536,56
Standard Case | iPhone 15 Pro Max,Black Friday,51.44435006345857,251
Standard Case | iPhone 15 Pro,Black Friday,26.458829464369373,271
Standard Case | iPhone 15 Pro,Black Friday,45.66762250007682,240
Premium Case | iPhone 15 Pro Max,Black Friday,49.210253695035895,169
Standard Case | iPhone 15 Pro Max,Cyber Monday,41.80374332735299,199
Standard Case | iPhone 15 Pro,No Promo,36.220928484757124,152
Premium Case | iPhone 15 Pro,Black Friday,33.532841136627084,195
Standard Case | iPhone 15 Pro,Black Friday,30.69907199443479,202
Premium Case | iPhone 15 Pro,Cyber Monday,56.828811491152166,88
Premium Case | iPhone 15 Pro Max,Cyber Monday,52.377873350447814,95
Premium Case | iPhone 15 Pro,Black Friday,58.426210979993066,120
Standard Case | iPhone 15 Pro,Black Friday,20.593375056849514,273
Standard Case | iPhone 15 Pro,Black Friday,47.889036384163994,212
Standard Case | iPhone 15 Pro,Black Friday,57.225320556946706,186
Premium Case | iPhone 15 Pro Max,Black Friday,23.155487977454705,188
Premium Case | iPhone 15 Pro Max,Black Friday,17.992332031504986,166
Standard Case | iPhone 15 Pro Max,Black Friday,48.35042921805266,221
Standard Case | iPhone 15 Pro,Cyber Monday,40.85129009309604,213
Premium Case | iPhone 15 Pro,Black Friday,52.882294954122244,118
Premium Case | iPhone 15 Pro Max,Black Friday,21.289756948183026,203
Standard Case | iPhone 15 Pro,Black Friday,50.787029033695056,229
Standard Case | iPhone 15 Pro,Black Friday,24.073229402148506,208
Premium Case | iPhone 15 Pro Max,Black Friday,22.364517428956702,173
Standard Case | iPhone 15 Pro Max,Black Friday,22.39196090689468,331
Premium Case | iPhone 15 Pro Max,Black Friday,51.6558624104122,127
Premium Case | iPhone 15 Pro Max,Black Friday,44.933874931329,150
Premium Case | iPhone 15 Pro,Black Friday,38.53794411461037,173
Premium Case | iPhone 15 Pro,Black Friday,31.147371785557613,191
Standard Case | iPhone 15 Pro Max,Cyber Monday,54.47402433658987,192
Standard Case | iPhone 15 Pro,Black Friday,32.66002983401859,234
Premium Case | iPhone 15 Pro Max,Cyber Monday,51.746974776220966,118
Standard Case | iPhone 15 Pro Max,Black Friday,34.761070885659834,333
Premium Case | iPhone 15 Pro,Black Friday,31.96249932412084,193
Premium Case | iPhone 15 Pro Max,Black Friday,35.82059035513229,175
Standard Case | iPhone 15 Pro,Black Friday,28.562004337386394,232
Premium Case | iPhone 15 Pro,Cyber Monday,48.6424221079313,96
Premium Case | iPhone 15 Pro,Cyber Monday,37.62241755416156,133
Premium Case | iPhone 15 Pro,Cyber Monday,25.44957128160678,147
Standard Case | iPhone 15 Pro Max,Black Friday,55.48085579735558,274
Standard Case | iPhone 15 Pro,Black Friday,32.27510496179451,270
Premium Case | iPhone 15 Pro Max,Black Friday,39.45987875012949,140
Standard Case | iPhone 15 Pro Max,Black Friday,55.79124499340461,264
Standard Case | iPhone 15 Pro Max,Black Friday,43.090709816129646,234
Standard Case | iPhone 15 Pro Max,Black Friday,20.260411831876382,279
Premium Case | iPhone 15 Pro,Black Friday,57.29244556260638,128
Standard Case | iPhone 15 Pro,Black Friday,43.2468623882138,287
Standard Case | iPhone 15 Pro Max,Cyber Monday,30.070752659568875,329
Premium Case | iPhone 15 Pro Max,No Promo,21.267243269852425,90
Standard Case | iPhone 15 Pro,No Promo,50.73113351716332,111
Premium Case | iPhone 15 Pro Max,Black Friday,42.90327401678311,171
Standard Case | iPhone 15 Pro,Black Friday,39.00574913893447,266
Premium Case | iPhone 15 Pro Max,Black Friday,55.225166237293095,129
Premium Case | iPhone 15 Pro,Cyber Monday,50.486874505103884,120
Standard Case | iPhone 15 Pro Max,Black Friday,21.825369587973803,299
Premium Case | iPhone 15 Pro Max,Black Friday,29.02749305079967,192
Standard Case | iPhone 15 Pro,Cyber Monday,26.18201129165096,234
Standard Case | iPhone 15 Pro Max,Black Friday,48.47758316577046,265
Standard Case | iPhone 15 Pro Max,Black Friday,16.50895956311007,324
Standard Case | iPhone 15 Pro,Black Friday,40.64503581920924,222
Premium Case | iPhone 15 Pro Max,Black Friday,49.31064085833108,139
Premium Case | iPhone 15 Pro,Black Friday,54.45445365427872,115
Premium Case | iPhone 15 Pro,Black Friday,30.393678692215836,185
Premium Case | iPhone 15 Pro Max,Black Friday,51.95657871024058,155
Standard Case | iPhone 15 Pro Max,Black Friday,19.978428162984326,308
Standard Case | iPhone 15 Pro Max,Cyber Monday,53.090353128053316,240
Standard Case | iPhone 15 Pro Max,Black Friday,20.73698980493921,291
Standard Case | iPhone 15 Pro Max,Black Friday,32.87792807521653,301
Premium Case | iPhone 15 Pro Max,Black Friday,50.878291460079915,127
Standard Case | iPhone 15 Pro Max,No Promo,21.74628423069482,177
Standard Case | iPhone 15 Pro,Black Friday,25.316312785468867,279
Standard Case | iPhone 15 Pro Max,Black Friday,47.501365577687984,280
Premium Case | iPhone 15 Pro,Cyber Monday,47.401644144573346,104
Standard Case | iPhone 15 Pro Max,Cyber Monday,43.85164347983838,220
Premium Case | iPhone 15 Pro Max,Black Friday,46.2276800010195,129
Premium Case | iPhone 15 Pro,Cyber Monday,39.422599950641825,118
Premium Case | iPhone 15 Pro Max,Black Friday,26.330957650812874,203
Premium Case | iPhone 15 Pro Max,Black Friday,30.556319707676373,192
Premium Case | iPhone 15 Pro,Black Friday,23.171897256064156,193
Premium Case | iPhone 15 Pro Max,Black Friday,55.88027526001328,133
Premium Case | iPhone 15 Pro Max,Cyber Monday,41.25263076447542,125
Standard Case | iPhone 15 Pro Max,Black Friday,33.0383137543638,259
Standard Case | iPhone 15 Pro,Black Friday,35.790261163985974,266
Premium Case | iPhone 15 Pro Max,Cyber Monday,57.62775028253169,92
Premium Case | iPhone 15 Pro Max,Cyber Monday,21.900813140223608,156
Premium Case | iPhone 15 Pro Max,Black Friday,41.380342440755875,155
Standard Case | iPhone 15 Pro Max,Black Friday,37.76499054980097,206
Standard Case | iPhone 15 Pro,Black Friday,42.51544059455915,265
Premium Case | iPhone 15 Pro,Cyber Monday,15.814958271937822,139
Standard Case | iPhone 15 Pro Max,Black Friday,54.24557590248682,215
Standard Case | iPhone 15 Pro Max,No Promo,56.94532271176256,137
Standard Case | iPhone 15 Pro,Black Friday,40.4309932615144,229
Standard Case | iPhone 15 Pro,Black Friday,46.34928707446015,255
Standard Case | iPhone 15 Pro Max,Black Friday,56.512472152978305,250
